id,transaction_type,product_id,quantity,trade_date,desk_id
1,BUY,552,90,2023-02-13,233
2,SELL,110,79,2023-03-10,300
3,BUY,860,72,2023-02-15,776
4,SELL,304,91,2023-03-12,293
5,SELL,457,54,2023-01-17,438
6,BUY,310,25,2023-04-04,587
7,SELL,469,14,2023-01-28,783
8,SELL,905,35,2023-01-30,902
9,SELL,216,82,2023-01-18,734
10,SELL,180,36,2023-03-25,715
11,SELL,381,56,2023-02-10,627
12,BUY,212,15,2023-01-19,758
13,SELL,109,98,2023-02-12,597
14,SELL,626,63,2023-03-02,948
15,BUY,476,53,2023-03-19,169
16,SELL,198,99,2023-01-14,743
17,BUY,747,96,2023-02-28,855
18,SELL,281,36,2023-01-23,748
19,BUY,776,72,2023-01-29,684
20,BUY,179,61,2023-01-16,376
21,BUY,556,33,2023-03-11,328
22,SELL,301,91,2023-02-02,645
23,SELL,544,79,2023-01-26,699
24,SELL,796,17,2023-02-18,549
25,SELL,955,89,2023-01-04,134
26,BUY,362,85,2023-02-13,500
27,BUY,307,99,2023-04-05,661
28,BUY,926,65,2023-03-08,623
29,BUY,763,95,2023-02-10,773
30,SELL,822,94,2023-02-16,712
31,BUY,381,76,2023-01-11,205
32,BUY,237,36,2023-02-18,621
33,BUY,855,70,2023-03-05,148
34,BUY,970,66,2023-02-20,659
35,SELL,763,59,2023-03-03,692
36,BUY,135,84,2023-03-05,735
37,BUY,944,11,2023-02-03,999
38,BUY,691,95,2023-03-07,765
39,BUY,592,77,2023-01-04,287
40,BUY,241,71,2023-04-06,945
41,SELL,780,85,2023-01-06,281
42,SELL,996,80,2023-01-27,887
43,SELL,635,24,2023-01-24,383
44,SELL,106,60,2023-01-31,192
45,SELL,321,93,2023-03-19,976
46,BUY,677,52,2023-01-25,941
47,SELL,621,70,2023-02-12,973
48,SELL,748,86,2023-01-16,657
49,SELL,203,77,2023-02-09,191
50,SELL,173,44,2023-02-22,196
51,SELL,773,65,2023-03-23,600
52,SELL,372,22,2023-03-29,860
53,BUY,319,22,2023-02-05,270
54,BUY,382,74,2023-03-25,706
55,SELL,396,28,2023-01-08,522
56,BUY,977,63,2023-02-24,898
57,SELL,754,32,2023-03-20,722
58,BUY,499,26,2023-02-24,807
59,BUY,430,36,2023-03-18,727
60,SELL,424,78,2023-03-05,596
61,SELL,141,63,2023-03-26,200
62,BUY,937,36,2023-01-28,180
63,SELL,761,50,2023-01-19,392
64,BUY,240,34,2023-02-27,806
65,BUY,865,19,2023-01-13,273
66,SELL,225,81,2023-03-04,660
67,BUY,704,12,2023-02-01,239
68,BUY,795,55,2023-01-31,374
69,SELL,773,33,2023-01-17,660
70,SELL,135,92,2023-03-03,556
71,BUY,108,53,2023-03-07,880
72,SELL,170,95,2023-01-14,172
73,SELL,490,42,2023-01-26,350
74,BUY,460,26,2023-01-10,736
75,BUY,772,92,2023-02-01,456
76,SELL,201,75,2023-02-11,303
77,SELL,663,15,2023-02-21,861
78,BUY,795,57,2023-03-27,576
79,SELL,461,38,2023-03-08,374
80,SELL,889,50,2023-01-07,882
81,BUY,453,69,2023-02-07,948
82,BUY,907,73,2023-03-12,336
83,SELL,208,13,2023-03-26,472
84,SELL,422,45,2023-02-28,305
85,SELL,413,49,2023-02-20,630
86,SELL,896,83,2023-02-07,425
87,BUY,115,16,2023-03-08,222
88,SELL,176,88,2023-04-05,746
89,BUY,930,53,2023-01-11,793
90,BUY,907,81,2023-01-02,335
91,SELL,470,53,2023-03-23,133
92,SELL,194,86,2023-03-25,997
93,SELL,770,18,2023-02-06,752
94,BUY,723,78,2023-02-01,386
95,SELL,860,13,2023-03-31,341
96,BUY,577,90,2023-01-12,711
97,BUY,871,16,2023-02-07,982
98,SELL,285,42,2023-02-08,843
99,SELL,228,24,2023-01-28,923
100,BUY,476,25,2023-02-14,731
101,BUY,543,83,2023-04-03,210
102,SELL,784,84,2023-03-25,200
103,SELL,602,17,2023-02-20,404
104,BUY,942,12,2023-03-23,496
105,SELL,272,81,2023-01-11,571
106,SELL,746,39,2023-01-13,821
107,SELL,141,87,2023-03-26,808
108,SELL,554,19,2023-02-24,317
109,BUY,750,15,2023-03-19,984
110,BUY,943,68,2023-03-27,572
111,SELL,257,53,2023-03-06,442
112,SELL,827,84,2023-02-21,536
113,BUY,723,37,2023-03-27,440
114,BUY,180,49,2023-02-08,658
115,BUY,352,74,2023-01-26,814
116,SELL,894,72,2023-03-22,125
117,BUY,714,36,2023-04-07,201
118,SELL,341,23,2023-01-27,823
119,BUY,603,90,2023-02-02,840
120,BUY,980,31,2023-02-13,769
121,SELL,260,97,2023-01-08,996
122,BUY,115,75,2023-03-30,245
123,SELL,440,85,2023-02-19,177
124,BUY,286,98,2023-04-05,208
125,BUY,556,32,2023-02-28,302
126,SELL,167,20,2023-03-26,931
127,SELL,889,96,2023-01-04,552
128,BUY,608,57,2023-02-24,353
129,BUY,105,69,2023-04-01,270
130,SELL,414,21,2023-03-26,328
131,BUY,663,27,2023-01-20,336
132,SELL,127,38,2023-03-06,136
133,SELL,904,99,2023-01-13,441
134,BUY,915,28,2023-02-05,826
135,BUY,821,50,2023-02-08,449
136,BUY,921,79,2023-03-26,568
137,SELL,778,16,2023-03-08,363
138,BUY,509,30,2023-03-16,724
139,BUY,656,38,2023-01-10,236
140,BUY,1000,14,2023-01-10,484
141,BUY,349,12,2023-02-26,995
142,BUY,689,26,2023-01-10,349
143,BUY,464,15,2023-03-14,847
144,BUY,756,21,2023-02-06,783
145,BUY,332,72,2023-02-14,326
146,BUY,850,57,2023-02-27,616
147,BUY,491,41,2023-02-07,991
148,SELL,689,84,2023-01-06,673
149,SELL,746,36,2023-03-28,856
150,BUY,802,75,2023-01-09,493
151,BUY,331,12,2023-02-26,503
152,BUY,368,21,2023-03-04,647
153,SELL,877,58,2023-01-11,306
154,SELL,114,87,2023-03-22,334
155,BUY,125,14,2023-03-23,849
156,BUY,369,49,2023-02-05,125
157,BUY,349,52,2023-03-08,245
158,SELL,206,67,2023-02-17,718
159,BUY,414,34,2023-02-01,997
160,SELL,729,44,2023-01-26,130
161,SELL,437,39,2023-01-28,707
162,SELL,565,84,2023-02-05,791
163,BUY,149,84,2023-01-11,286
164,BUY,455,23,2023-03-26,865
165,BUY,436,67,2023-03-01,392
166,SELL,954,59,2023-02-28,712
167,SELL,622,15,2023-04-03,419
168,BUY,443,59,2023-01-19,908
169,BUY,148,69,2023-03-12,808
170,BUY,111,13,2023-01-17,327
171,BUY,960,46,2023-03-01,239
172,BUY,562,80,2023-02-21,313
173,BUY,988,100,2023-02-22,636
174,SELL,795,63,2023-03-17,423
175,SELL,964,22,2023-03-19,946
176,BUY,809,37,2023-02-22,537
177,SELL,144,89,2023-01-02,600
178,SELL,306,23,2023-03-08,878
179,SELL,629,61,2023-02-08,630
180,SELL,778,13,2023-03-10,607
181,BUY,538,30,2023-02-09,775
182,BUY,231,71,2023-02-11,296
183,SELL,435,32,2023-01-31,652
184,BUY,756,62,2023-01-26,181
185,BUY,476,33,2023-01-13,864
186,BUY,871,84,2023-01-28,639
187,BUY,428,47,2023-01-15,368
188,SELL,102,38,2023-02-02,152
189,BUY,700,88,2023-03-09,911
190,SELL,412,58,2023-01-05,893
191,SELL,391,57,2023-03-18,106
192,BUY,607,51,2023-04-04,676
193,BUY,104,79,2023-03-20,682
194,BUY,958,31,2023-01-24,272
195,SELL,621,82,2023-01-10,246
196,SELL,615,50,2023-02-12,244
197,BUY,540,37,2023-04-06,739
198,SELL,995,39,2023-03-20,453
199,BUY,922,37,2023-01-19,663
200,SELL,317,23,2023-03-23,486
201,BUY,487,21,2023-03-29,929
202,SELL,355,34,2023-01-06,547
203,SELL,149,45,2023-03-31,127
204,SELL,447,78,2023-03-28,210
205,SELL,995,77,2023-03-10,947
206,SELL,694,37,2023-03-01,603
207,SELL,757,96,2023-01-30,532
208,SELL,259,92,2023-01-23,826
209,BUY,648,77,2023-02-18,843
210,SELL,626,93,2023-03-11,707
211,BUY,949,68,2023-01-18,105
212,BUY,393,21,2023-01-11,659
213,SELL,112,26,2023-01-23,776
214,SELL,401,85,2023-03-27,883
215,BUY,837,11,2023-01-07,931
216,SELL,391,92,2023-03-04,874
217,BUY,128,71,2023-01-07,961
218,SELL,776,37,2023-03-19,688
219,BUY,913,33,2023-01-30,716
220,SELL,301,50,2023-02-16,128
221,SELL,526,86,2023-03-12,928
222,BUY,608,24,2023-02-02,233
223,SELL,133,37,2023-01-07,824
224,SELL,793,52,2023-01-30,365
225,BUY,836,24,2023-03-23,937
226,BUY,531,45,2023-01-06,147
227,BUY,600,80,2023-02-01,460
228,SELL,545,32,2023-02-05,775
229,BUY,171,91,2023-02-23,496
230,BUY,437,62,2023-01-06,906
231,SELL,467,88,2023-01-16,645
232,BUY,978,88,2023-03-01,215
233,SELL,905,100,2023-02-11,695
234,BUY,649,99,2023-01-03,557
235,BUY,352,70,2023-01-11,838
236,SELL,256,86,2023-01-26,306
237,SELL,853,45,2023-01-27,768
238,SELL,532,28,2023-03-22,578
239,SELL,579,97,2023-03-08,692
240,SELL,651,83,2023-01-30,244
241,BUY,961,99,2023-03-27,988
242,BUY,495,52,2023-01-16,543
243,BUY,570,88,2023-01-04,600
244,BUY,329,39,2023-04-06,623
245,SELL,245,56,2023-01-14,815
246,BUY,795,44,2023-02-06,758
247,BUY,190,82,2023-04-01,533
248,BUY,183,12,2023-03-19,900
249,BUY,259,16,2023-03-10,859
250,SELL,728,17,2023-02-11,425
251,BUY,633,72,2023-02-03,705
252,BUY,258,73,2023-01-21,934
253,SELL,658,41,2023-03-19,718
254,SELL,495,75,2023-02-07,964
255,SELL,479,76,2023-03-03,222
256,SELL,389,45,2023-03-03,381
257,SELL,310,96,2023-02-04,443
258,BUY,444,88,2023-01-23,567
259,SELL,378,29,2023-02-19,986
260,BUY,388,12,2023-03-08,234
261,BUY,198,25,2023-01-07,883
262,BUY,542,34,2023-01-22,937
263,BUY,200,44,2023-04-07,693
264,SELL,505,87,2023-02-10,142
265,BUY,534,84,2023-03-20,952
266,BUY,444,69,2023-04-05,497
267,BUY,269,63,2023-03-23,322
268,SELL,237,79,2023-01-16,589
269,BUY,373,41,2023-03-16,378
270,BUY,644,30,2023-01-12,114
271,BUY,311,93,2023-01-06,599
272,BUY,146,62,2023-04-03,378
273,BUY,625,37,2023-01-31,752
274,BUY,428,92,2023-03-03,798
275,SELL,755,97,2023-03-20,516
276,SELL,678,56,2023-01-10,686
277,BUY,826,15,2023-03-27,567
278,SELL,539,15,2023-01-26,219
279,SELL,983,23,2023-03-23,924
280,SELL,214,32,2023-02-23,860
281,SELL,895,88,2023-01-23,839
282,SELL,972,35,2023-02-10,221
283,SELL,708,33,2023-03-26,826
284,BUY,230,52,2023-01-26,222
285,SELL,609,40,2023-02-09,915
286,SELL,430,50,2023-01-18,980
287,BUY,765,78,2023-03-16,536
288,SELL,788,92,2023-02-27,692
289,BUY,202,20,2023-03-20,373
290,BUY,319,89,2023-01-13,266
291,BUY,819,72,2023-01-02,997
292,SELL,111,10,2023-02-26,617
293,BUY,442,44,2023-02-10,654
294,SELL,920,15,2023-02-26,556
295,SELL,397,28,2023-02-12,569
296,SELL,906,88,2023-01-17,524
297,SELL,593,40,2023-04-05,880
298,SELL,161,75,2023-03-06,647
299,SELL,284,48,2023-01-25,565
300,SELL,706,54,2023-04-05,101
301,SELL,145,51,2023-04-02,862
302,SELL,139,24,2023-02-07,977
303,BUY,227,34,2023-02-23,773
304,BUY,632,86,2023-02-08,103
305,BUY,491,58,2023-03-25,157
306,BUY,803,32,2023-03-18,366
307,BUY,716,55,2023-03-20,515
308,SELL,144,34,2023-03-19,609
309,BUY,743,91,2023-02-27,796
310,BUY,483,20,2023-03-07,330
311,SELL,457,70,2023-01-19,785
312,BUY,449,82,2023-03-16,698
313,SELL,911,84,2023-03-26,883
314,SELL,712,38,2023-01-17,863
315,BUY,235,80,2023-01-26,235
316,BUY,565,90,2023-01-27,332
317,BUY,530,82,2023-02-26,797
318,SELL,179,68,2023-01-02,660
319,BUY,859,67,2023-03-28,896
320,BUY,948,42,2023-01-04,338
321,SELL,249,60,2023-01-19,508
322,BUY,786,78,2023-01-13,196
323,SELL,193,52,2023-03-16,264
324,BUY,488,65,2023-02-09,866
325,BUY,103,57,2023-01-08,376
326,BUY,987,97,2023-03-15,831
327,SELL,288,43,2023-01-24,492
328,BUY,123,66,2023-03-16,463
329,BUY,624,11,2023-01-23,272
330,BUY,373,64,2023-01-15,601
331,BUY,643,17,2023-01-18,524
332,BUY,548,19,2023-01-07,424
333,BUY,731,30,2023-02-05,894
334,BUY,466,85,2023-02-04,766
335,SELL,799,23,2023-01-01,517
336,BUY,481,82,2023-03-01,792
337,BUY,162,22,2023-03-16,786
338,SELL,536,49,2023-03-07,765
339,SELL,661,61,2023-03-18,609
340,BUY,142,95,2023-03-18,262
341,BUY,104,34,2023-01-20,224
342,BUY,752,33,2023-03-13,202
343,BUY,621,37,2023-03-30,296
344,SELL,742,38,2023-01-17,842
345,BUY,286,43,2023-02-15,713
346,SELL,156,27,2023-02-08,182
347,BUY,549,64,2023-03-11,655
348,BUY,233,69,2023-03-06,732
349,SELL,609,72,2023-01-23,493
350,SELL,604,34,2023-03-07,335
351,SELL,424,72,2023-02-20,496
352,SELL,378,92,2023-03-05,172
353,BUY,676,49,2023-02-01,648
354,BUY,221,15,2023-03-24,775
355,BUY,760,72,2023-02-09,516
356,BUY,833,79,2023-01-15,364
357,SELL,643,36,2023-01-27,888
358,SELL,917,50,2023-02-19,247
359,SELL,193,84,2023-01-23,263
360,BUY,142,56,2023-02-03,777
361,SELL,605,10,2023-01-17,499
362,BUY,146,16,2023-04-06,102
363,SELL,532,18,2023-04-05,379
364,SELL,428,23,2023-01-09,555
365,SELL,863,17,2023-03-19,238
366,SELL,778,69,2023-02-16,407
367,BUY,163,29,2023-01-09,909
368,BUY,109,43,2023-03-18,224
369,SELL,268,62,2023-03-24,838
370,BUY,693,21,2023-02-27,752
371,BUY,264,72,2023-01-15,400
372,SELL,786,95,2023-02-26,282
373,SELL,423,35,2023-01-12,257
374,BUY,480,39,2023-01-13,198
375,SELL,222,98,2023-04-01,712
376,SELL,282,70,2023-02-10,510
377,BUY,823,37,2023-01-17,323
378,BUY,411,95,2023-03-08,437
379,SELL,731,52,2023-01-01,190
380,BUY,337,76,2023-03-09,282
381,BUY,274,32,2023-03-20,397
382,BUY,408,60,2023-03-04,551
383,SELL,133,65,2023-02-01,764
384,BUY,901,30,2023-02-20,525
385,BUY,742,26,2023-01-04,942
386,BUY,383,28,2023-01-13,831
387,SELL,182,21,2023-02-12,582
388,SELL,990,12,2023-02-23,570
389,SELL,557,74,2023-03-13,807
390,BUY,313,87,2023-03-31,683
391,SELL,563,79,2023-02-26,887
392,SELL,673,86,2023-01-20,544
393,BUY,848,46,2023-02-27,752
394,BUY,409,94,2023-01-09,444
395,BUY,870,54,2023-01-16,872
396,SELL,486,29,2023-02-28,897
397,BUY,155,45,2023-01-11,650
398,BUY,624,92,2023-02-24,743
399,BUY,696,47,2023-01-03,484
400,BUY,359,13,2023-01-04,935
401,SELL,184,77,2023-03-25,425
402,BUY,870,42,2023-01-15,485
403,SELL,378,71,2023-03-25,793
404,BUY,161,95,2023-01-12,326
405,SELL,981,41,2023-02-24,361
406,BUY,942,78,2023-02-02,981
407,SELL,605,90,2023-01-23,911
408,SELL,553,96,2023-01-17,833
409,BUY,403,69,2023-01-16,648
410,SELL,530,43,2023-04-01,255
411,BUY,161,96,2023-02-21,913
412,BUY,388,97,2023-03-20,298
413,SELL,536,83,2023-02-26,457
414,BUY,585,34,2023-01-01,961
415,BUY,286,40,2023-03-22,280
416,SELL,390,43,2023-01-01,651
417,BUY,572,22,2023-01-02,596
418,BUY,340,98,2023-03-29,823
419,BUY,759,79,2023-02-08,726
420,SELL,794,57,2023-02-26,799
421,SELL,219,71,2023-03-25,368
422,SELL,552,60,2023-02-04,673
423,SELL,985,68,2023-02-12,606
424,SELL,582,13,2023-01-17,478
425,BUY,593,73,2023-03-13,232
426,SELL,552,36,2023-03-14,948
427,BUY,513,35,2023-02-14,830
428,SELL,879,66,2023-01-01,965
429,BUY,200,25,2023-01-13,586
430,SELL,422,68,2023-02-16,254
431,SELL,734,89,2023-02-01,975
432,BUY,972,66,2023-02-20,341
433,BUY,919,43,2023-03-29,991
434,BUY,895,90,2023-02-02,849
435,SELL,564,26,2023-04-05,295
436,BUY,970,27,2023-03-05,112
437,BUY,456,19,2023-03-17,431
438,SELL,897,65,2023-01-18,903
439,SELL,434,43,2023-01-10,299
440,BUY,595,67,2023-01-18,526
441,BUY,643,72,2023-02-03,927
442,SELL,405,39,2023-03-26,107
443,SELL,640,68,2023-03-07,402
444,BUY,941,33,2023-03-04,897
445,BUY,157,85,2023-03-21,985
446,BUY,126,66,2023-03-09,162
447,BUY,820,64,2023-02-17,995
448,SELL,432,10,2023-03-03,151
449,SELL,677,71,2023-01-03,254
450,BUY,862,77,2023-02-04,713
451,BUY,229,96,2023-03-22,491
452,SELL,523,46,2023-01-31,631
453,SELL,880,65,2023-02-14,572
454,SELL,233,53,2023-02-09,791
455,BUY,936,66,2023-02-09,326
456,SELL,900,69,2023-01-11,233
457,SELL,922,12,2023-02-13,214
458,SELL,112,68,2023-01-12,175
459,SELL,506,51,2023-03-07,123
460,BUY,851,81,2023-03-02,663
461,SELL,188,85,2023-01-25,672
462,SELL,424,99,2023-01-14,511
463,SELL,421,13,2023-02-12,320
464,SELL,791,63,2023-03-23,175
465,SELL,934,87,2023-02-06,873
466,BUY,542,80,2023-02-24,172
467,SELL,977,81,2023-03-17,564
468,SELL,762,54,2023-03-21,832
469,SELL,782,11,2023-01-16,290
470,BUY,546,51,2023-03-24,303
471,SELL,956,46,2023-02-23,756
472,BUY,120,49,2023-02-25,315
473,BUY,162,87,2023-04-02,115
474,SELL,893,98,2023-01-10,255
475,BUY,807,56,2023-01-19,158
476,BUY,590,68,2023-04-01,869
477,SELL,672,100,2023-01-26,864
478,SELL,148,84,2023-03-28,316
479,BUY,431,74,2023-02-10,647
480,BUY,656,76,2023-01-08,559
481,BUY,961,72,2023-03-09,230
482,SELL,997,21,2023-01-06,427
483,SELL,537,79,2023-01-22,686
484,SELL,973,26,2023-04-02,728
485,SELL,956,71,2023-01-17,332
486,BUY,879,67,2023-03-10,148
487,BUY,359,62,2023-01-23,872
488,BUY,696,63,2023-03-17,193
489,BUY,388,74,2023-01-29,511
490,SELL,518,33,2023-01-22,530
491,SELL,391,60,2023-03-29,965
492,SELL,323,27,2023-02-06,245
493,SELL,517,82,2023-01-04,303
494,BUY,142,10,2023-03-24,551
495,SELL,399,17,2023-02-15,500
496,BUY,447,36,2023-03-12,204
497,BUY,119,23,2023-03-30,178
498,SELL,272,65,2023-02-24,916
499,BUY,320,12,2023-01-12,941
500,SELL,165,96,2023-01-12,134
501,SELL,367,64,2023-03-09,846
502,SELL,732,97,2023-03-28,530
503,BUY,836,90,2023-01-19,100
504,SELL,386,88,2023-04-05,695
505,SELL,325,61,2023-02-27,648
506,BUY,572,37,2023-03-16,206
507,SELL,643,80,2023-03-28,732
508,SELL,511,13,2023-03-30,804
509,SELL,638,100,2023-03-06,959
510,BUY,790,53,2023-03-02,274
511,BUY,704,33,2023-02-03,252
512,SELL,435,84,2023-01-16,538
513,BUY,779,28,2023-02-23,706
514,BUY,865,38,2023-03-19,107
515,SELL,342,85,2023-02-13,397
516,BUY,297,95,2023-03-10,515
517,BUY,468,55,2023-01-19,134
518,BUY,478,68,2023-02-26,288
519,BUY,358,60,2023-01-28,685
520,BUY,622,50,2023-01-28,495
521,SELL,986,16,2023-01-29,872
522,BUY,730,29,2023-02-16,426
523,SELL,252,41,2023-01-07,406
524,SELL,311,52,2023-01-07,488
525,BUY,743,32,2023-03-30,943
526,SELL,107,50,2023-01-29,895
527,SELL,471,74,2023-03-26,586
528,SELL,657,42,2023-01-26,928
529,SELL,756,54,2023-02-22,854
530,BUY,601,70,2023-01-27,461
531,SELL,327,58,2023-01-12,212
532,SELL,598,48,2023-01-06,659
533,SELL,207,28,2023-01-08,801
534,SELL,910,46,2023-01-28,738
535,BUY,940,48,2023-01-22,338
536,BUY,561,15,2023-01-08,111
537,SELL,542,96,2023-02-07,903
538,BUY,402,83,2023-04-01,428
539,SELL,764,38,2023-01-15,597
540,BUY,709,69,2023-03-14,340
541,SELL,137,57,2023-02-24,639
542,BUY,129,22,2023-02-06,284
543,BUY,179,91,2023-02-21,411
544,SELL,703,23,2023-03-24,123
545,SELL,832,88,2023-03-30,938
546,BUY,117,40,2023-03-13,282
547,SELL,662,27,2023-02-10,615
548,BUY,966,90,2023-02-07,945
549,SELL,350,82,2023-01-23,676
550,SELL,566,100,2023-02-19,416
551,BUY,479,95,2023-03-05,787
552,BUY,920,38,2023-03-15,831
553,SELL,862,57,2023-02-13,497
554,SELL,941,25,2023-02-06,147
555,BUY,211,66,2023-02-18,963
556,BUY,168,44,2023-03-10,831
557,BUY,390,87,2023-01-12,268
558,SELL,606,42,2023-03-26,505
559,BUY,365,34,2023-01-11,692
560,BUY,617,35,2023-01-20,877
561,BUY,301,43,2023-03-31,166
562,SELL,706,97,2023-02-23,405
563,BUY,318,78,2023-03-16,532
564,BUY,166,42,2023-02-27,913
565,BUY,737,77,2023-03-20,917
566,BUY,929,80,2023-01-14,594
567,SELL,843,17,2023-02-23,872
568,BUY,363,90,2023-02-01,719
569,BUY,212,65,2023-01-18,356
570,BUY,214,38,2023-03-08,670
571,SELL,294,72,2023-02-15,242
572,BUY,792,34,2023-03-16,921
573,BUY,714,28,2023-01-18,436
574,BUY,704,21,2023-01-09,637
575,BUY,905,71,2023-02-23,951
576,BUY,896,14,2023-04-06,515
577,SELL,155,42,2023-03-20,436
578,BUY,751,71,2023-01-26,326
579,BUY,507,90,2023-01-12,209
580,SELL,163,79,2023-01-18,570
581,BUY,446,59,2023-01-27,258
582,SELL,757,42,2023-02-01,838
583,SELL,859,88,2023-02-23,515
584,BUY,651,88,2023-01-23,252
585,BUY,779,80,2023-01-27,664
586,SELL,924,47,2023-04-06,497
587,SELL,872,49,2023-01-04,864
588,BUY,952,49,2023-02-28,467
589,SELL,171,91,2023-04-06,137
590,SELL,387,57,2023-03-20,495
591,BUY,342,32,2023-03-05,336
592,BUY,405,22,2023-03-21,608
593,BUY,481,94,2023-01-20,788
594,SELL,537,83,2023-03-24,540
595,BUY,549,69,2023-03-18,212
596,BUY,697,75,2023-03-30,292
597,BUY,139,97,2023-01-20,335
598,BUY,607,41,2023-01-31,671
599,SELL,775,32,2023-01-09,765
600,BUY,566,19,2023-01-04,516
601,BUY,402,100,2023-02-11,312
602,SELL,859,26,2023-01-06,170
603,BUY,170,65,2023-01-12,697
604,BUY,215,15,2023-02-19,319
605,BUY,308,77,2023-02-13,995
606,SELL,820,17,2023-02-06,606
607,SELL,768,57,2023-03-18,323
608,BUY,986,97,2023-02-27,163
609,SELL,110,64,2023-02-01,369
610,BUY,527,99,2023-03-02,511
611,SELL,949,82,2023-01-15,466
612,BUY,545,72,2023-02-23,159
613,SELL,511,100,2023-03-03,454
614,BUY,235,54,2023-02-23,589
615,BUY,232,100,2023-01-21,574
616,BUY,254,38,2023-02-21,298
617,SELL,479,29,2023-01-17,645
618,SELL,838,39,2023-03-17,263
619,SELL,456,99,2023-02-19,181
620,BUY,237,89,2023-01-20,244
621,BUY,386,80,2023-04-04,828
622,SELL,752,73,2023-03-17,356
623,SELL,355,13,2023-03-12,560
624,SELL,193,91,2023-03-29,442
625,BUY,126,45,2023-03-24,809
626,BUY,171,98,2023-02-28,116
627,SELL,895,66,2023-03-09,286
628,SELL,681,54,2023-03-16,855
629,BUY,302,36,2023-03-30,949
630,SELL,801,87,2023-04-01,811
631,BUY,692,78,2023-02-27,513
632,SELL,606,89,2023-03-14,277
633,BUY,556,18,2023-03-31,965
634,BUY,906,30,2023-01-21,727
635,SELL,896,97,2023-01-03,954
636,BUY,266,36,2023-01-20,754
637,SELL,213,16,2023-01-04,750
638,BUY,871,38,2023-02-10,110
639,BUY,465,68,2023-01-09,990
640,BUY,788,98,2023-03-27,865
641,SELL,437,85,2023-02-05,555
642,BUY,569,20,2023-03-18,559
643,BUY,189,73,2023-01-07,147
644,BUY,677,68,2023-04-03,850
645,BUY,930,62,2023-02-14,811
646,SELL,568,17,2023-01-30,787
647,SELL,395,85,2023-01-04,834
648,BUY,856,42,2023-03-20,104
649,BUY,929,25,2023-03-18,698
650,SELL,798,40,2023-01-12,858
651,BUY,762,57,2023-03-24,342
652,SELL,471,13,2023-03-17,982
653,SELL,306,53,2023-02-23,211
654,SELL,732,99,2023-03-13,717
655,BUY,275,96,2023-02-02,964
656,BUY,379,57,2023-03-16,338
657,SELL,682,75,2023-04-07,798
658,BUY,462,64,2023-02-22,334
659,BUY,589,42,2023-01-06,851
660,SELL,695,88,2023-01-30,133
661,BUY,138,71,2023-03-24,440
662,SELL,458,74,2023-03-08,605
663,SELL,1000,39,2023-01-10,928
664,BUY,946,44,2023-03-27,919
665,SELL,915,53,2023-02-07,387
666,SELL,301,99,2023-03-22,883
667,SELL,256,95,2023-03-02,161
668,SELL,853,69,2023-01-07,259
669,SELL,530,58,2023-02-16,208
670,BUY,874,90,2023-01-03,903
671,BUY,517,58,2023-01-27,297
672,SELL,766,77,2023-03-09,550
673,SELL,783,63,2023-01-23,816
674,BUY,417,77,2023-02-04,433
675,SELL,716,20,2023-03-25,863
676,BUY,431,64,2023-02-17,106
677,BUY,881,19,2023-01-23,975
678,BUY,638,27,2023-02-28,883
679,SELL,629,24,2023-03-19,985
680,BUY,564,94,2023-01-16,235
681,BUY,583,55,2023-02-28,589
682,SELL,290,19,2023-03-28,798
683,SELL,911,84,2023-03-09,252
684,SELL,624,84,2023-03-28,177
685,BUY,704,67,2023-02-05,758
686,BUY,586,48,2023-01-07,972
687,BUY,642,53,2023-02-10,551
688,SELL,151,15,2023-03-31,127
689,BUY,871,72,2023-01-26,672
690,BUY,779,87,2023-03-22,813
691,SELL,752,74,2023-02-23,563
692,BUY,988,43,2023-03-31,177
693,BUY,333,83,2023-03-15,650
694,BUY,443,41,2023-03-06,378
695,SELL,308,44,2023-01-05,239
696,BUY,361,87,2023-01-07,578
697,BUY,305,98,2023-02-26,466
698,SELL,631,91,2023-03-18,900
699,BUY,804,21,2023-02-15,762
700,BUY,607,48,2023-02-02,756
701,SELL,881,76,2023-01-16,618
702,SELL,901,82,2023-01-03,644
703,SELL,901,79,2023-01-22,502
704,BUY,561,49,2023-01-06,817
705,BUY,203,21,2023-04-04,764
706,SELL,394,41,2023-01-09,916
707,SELL,516,76,2023-02-15,796
708,SELL,978,33,2023-02-26,815
709,BUY,222,94,2023-02-12,658
710,BUY,950,36,2023-01-06,951
711,SELL,158,52,2023-01-06,207
712,BUY,865,12,2023-02-24,314
713,SELL,786,83,2023-01-21,254
714,BUY,698,87,2023-01-07,789
715,SELL,795,67,2023-01-11,707
716,SELL,214,98,2023-03-06,933
717,SELL,820,18,2023-04-03,770
718,BUY,827,22,2023-01-01,121
719,SELL,550,41,2023-01-22,363
720,SELL,440,13,2023-02-20,573
721,SELL,249,33,2023-04-07,148
722,SELL,789,100,2023-02-26,729
723,BUY,171,38,2023-02-20,641
724,SELL,190,22,2023-02-15,337
725,SELL,142,26,2023-03-15,410
726,SELL,578,86,2023-03-15,124
727,SELL,201,11,2023-01-26,286
728,BUY,786,81,2023-01-06,705
729,SELL,780,83,2023-03-30,283
730,BUY,351,13,2023-02-22,989
731,SELL,717,67,2023-03-17,898
732,SELL,534,40,2023-01-13,254
733,BUY,851,20,2023-02-05,301
734,SELL,128,79,2023-03-30,256
735,BUY,975,44,2023-02-17,670
736,SELL,120,94,2023-02-07,867
737,BUY,989,55,2023-04-01,159
738,SELL,618,31,2023-01-10,518
739,BUY,392,99,2023-03-15,653
740,SELL,639,21,2023-02-07,848
741,SELL,536,60,2023-03-28,673
742,SELL,923,53,2023-01-29,157
743,BUY,659,20,2023-01-27,239
744,SELL,880,70,2023-03-02,668
745,BUY,500,88,2023-02-13,552
746,SELL,336,99,2023-02-02,996
747,SELL,263,77,2023-03-05,183
748,SELL,310,70,2023-02-06,237
749,BUY,332,31,2023-01-12,870
750,SELL,773,38,2023-02-11,947
751,BUY,207,33,2023-02-24,400
752,BUY,280,27,2023-01-11,698
753,BUY,581,19,2023-03-18,592
754,BUY,148,77,2023-03-11,662
755,BUY,284,79,2023-01-12,598
756,BUY,755,62,2023-01-18,972
757,SELL,673,66,2023-04-02,424
758,SELL,842,14,2023-04-02,631
759,SELL,931,87,2023-01-23,681
760,BUY,428,14,2023-01-30,108
761,SELL,182,76,2023-04-06,853
762,SELL,136,14,2023-03-19,371
763,SELL,338,60,2023-02-12,258
764,BUY,984,64,2023-02-19,658
765,SELL,128,43,2023-01-25,679
766,SELL,988,10,2023-01-08,745
767,BUY,630,58,2023-03-11,191
768,SELL,593,48,2023-02-25,638
769,BUY,651,59,2023-02-02,902
770,SELL,310,81,2023-01-11,997
771,SELL,718,99,2023-04-04,137
772,BUY,292,51,2023-01-25,785
773,BUY,324,82,2023-02-23,994
774,BUY,233,60,2023-03-13,806
775,SELL,743,11,2023-03-15,498
776,SELL,306,50,2023-01-28,759
777,SELL,977,99,2023-02-23,998
778,BUY,817,61,2023-03-25,642
779,SELL,969,13,2023-01-16,973
780,SELL,563,15,2023-01-09,191
781,BUY,978,21,2023-03-21,564
782,SELL,580,59,2023-02-27,802
783,BUY,263,55,2023-03-12,953
784,SELL,884,35,2023-01-22,218
785,SELL,845,55,2023-02-27,670
786,BUY,871,62,2023-01-13,323
787,SELL,326,58,2023-02-05,264
788,BUY,824,37,2023-03-08,487
789,BUY,339,48,2023-03-01,793
790,SELL,379,60,2023-01-06,632
791,BUY,411,68,2023-02-02,659
792,SELL,233,86,2023-01-24,304
793,SELL,256,40,2023-01-10,398
794,BUY,234,15,2023-03-02,867
795,SELL,890,51,2023-02-01,410
796,BUY,996,55,2023-03-22,328
797,SELL,548,61,2023-04-02,977
798,BUY,861,60,2023-02-01,565
799,BUY,879,78,2023-03-22,491
800,SELL,521,72,2023-02-07,132
801,BUY,371,57,2023-03-18,658
802,SELL,423,25,2023-02-24,116
803,BUY,901,75,2023-02-22,446
804,SELL,295,50,2023-01-10,351
805,BUY,333,19,2023-01-14,990
806,BUY,722,17,2023-01-22,294
807,SELL,307,44,2023-03-28,375
808,BUY,655,30,2023-01-07,608
809,BUY,322,89,2023-01-15,682
810,BUY,641,34,2023-02-28,917
811,BUY,194,48,2023-02-01,783
812,BUY,659,45,2023-02-21,257
813,BUY,152,68,2023-04-03,189
814,BUY,883,22,2023-01-25,862
815,SELL,527,33,2023-03-21,699
816,SELL,237,55,2023-01-03,127
817,BUY,758,59,2023-03-25,739
818,SELL,826,21,2023-01-24,600
819,BUY,283,85,2023-01-31,816
820,SELL,504,32,2023-03-27,411
821,SELL,291,62,2023-03-29,625
822,BUY,171,26,2023-03-19,514
823,SELL,423,65,2023-03-18,918
824,SELL,223,15,2023-04-05,188
825,SELL,346,55,2023-01-04,936
826,SELL,710,46,2023-01-13,161
827,BUY,261,20,2023-02-11,127
828,BUY,548,87,2023-01-10,450
829,SELL,225,24,2023-03-04,553
830,SELL,602,75,2023-01-25,633
831,SELL,981,65,2023-03-27,997
832,SELL,557,47,2023-01-12,521
833,SELL,100,69,2023-01-17,942
834,BUY,670,62,2023-01-07,612
835,BUY,307,82,2023-03-19,682
836,SELL,910,50,2023-02-05,479
837,SELL,801,65,2023-01-28,205
838,SELL,311,41,2023-01-01,262
839,BUY,523,31,2023-01-23,545
840,SELL,471,10,2023-03-22,701
841,SELL,378,40,2023-03-28,366
842,SELL,438,81,2023-04-07,967
843,SELL,983,38,2023-01-26,209
844,SELL,163,99,2023-01-17,655
845,SELL,561,33,2023-03-04,148
846,SELL,653,33,2023-01-21,164
847,SELL,605,33,2023-03-26,566
848,SELL,973,39,2023-03-13,838
849,BUY,369,77,2023-03-18,683
850,SELL,979,88,2023-01-12,281
851,SELL,246,47,2023-01-23,661
852,SELL,772,13,2023-03-08,282
853,BUY,876,28,2023-03-30,928
854,SELL,762,12,2023-01-11,899
855,SELL,371,42,2023-01-27,748
856,BUY,492,67,2023-03-19,326
857,BUY,875,82,2023-03-26,463
858,SELL,918,60,2023-03-19,766
859,BUY,453,10,2023-03-18,791
860,SELL,818,90,2023-01-17,195
861,SELL,675,61,2023-01-05,213
862,SELL,810,63,2023-01-19,396
863,BUY,525,82,2023-01-18,342
864,BUY,482,83,2023-03-26,845
865,SELL,627,10,2023-04-02,275
866,BUY,809,11,2023-02-09,699
867,SELL,410,71,2023-01-18,305
868,SELL,144,76,2023-01-18,532
869,BUY,980,57,2023-03-30,646
870,BUY,472,33,2023-02-19,709
871,BUY,412,17,2023-01-07,734
872,BUY,877,87,2023-03-06,691
873,BUY,192,42,2023-02-04,892
874,BUY,412,19,2023-01-28,299
875,SELL,138,25,2023-01-19,754
876,SELL,484,33,2023-02-07,305
877,SELL,792,50,2023-02-21,261
878,BUY,895,49,2023-04-01,879
879,BUY,589,67,2023-03-15,378
880,SELL,557,26,2023-01-30,995
881,SELL,944,34,2023-01-06,669
882,SELL,733,16,2023-01-01,822
883,SELL,221,63,2023-03-03,500
884,SELL,973,17,2023-02-18,678
885,SELL,819,88,2023-01-13,510
886,SELL,656,42,2023-04-04,308
887,BUY,212,63,2023-02-03,255
888,SELL,876,52,2023-03-01,198
889,BUY,253,64,2023-02-27,779
890,BUY,848,87,2023-01-14,264
891,BUY,354,60,2023-03-18,675
892,SELL,901,66,2023-01-27,720
893,BUY,799,50,2023-04-03,586
894,BUY,615,67,2023-03-01,722
895,SELL,733,97,2023-02-23,649
896,BUY,329,40,2023-03-11,455
897,BUY,366,61,2023-03-31,145
898,SELL,355,24,2023-03-29,946
899,BUY,984,18,2023-02-20,473
900,BUY,683,97,2023-01-13,137
901,SELL,627,96,2023-03-01,917
902,SELL,125,94,2023-03-07,100
903,SELL,682,85,2023-02-19,209
904,BUY,887,57,2023-03-09,710
905,BUY,594,44,2023-03-05,120
906,SELL,312,25,2023-01-22,123
907,SELL,487,53,2023-01-13,458
908,SELL,574,22,2023-01-17,616
909,SELL,151,66,2023-04-02,449
910,SELL,549,57,2023-02-27,277
911,BUY,526,74,2023-01-31,179
912,SELL,313,91,2023-02-21,152
913,SELL,261,44,2023-01-07,876
914,SELL,155,54,2023-03-03,744
915,SELL,480,59,2023-04-03,517
916,BUY,299,59,2023-02-06,328
917,BUY,922,84,2023-01-24,852
918,BUY,922,22,2023-01-14,180
919,BUY,900,35,2023-03-09,926
920,SELL,153,43,2023-02-08,973
921,SELL,914,80,2023-03-11,961
922,SELL,879,84,2023-03-27,511
923,BUY,205,30,2023-01-08,430
924,BUY,415,100,2023-02-03,891
925,BUY,310,75,2023-01-12,862
926,BUY,748,11,2023-03-31,691
927,BUY,157,45,2023-03-28,454
928,BUY,169,44,2023-01-05,408
929,BUY,168,16,2023-01-24,731
930,BUY,119,70,2023-02-09,347
931,BUY,814,79,2023-01-03,613
932,SELL,412,28,2023-02-03,755
933,BUY,396,37,2023-03-25,327
934,SELL,723,69,2023-03-23,464
935,SELL,361,80,2023-01-10,540
936,SELL,259,39,2023-03-31,525
937,BUY,166,67,2023-01-11,681
938,SELL,278,49,2023-02-04,538
939,BUY,548,78,2023-02-16,489
940,SELL,794,73,2023-03-27,821
941,BUY,222,15,2023-02-09,758
942,BUY,246,51,2023-02-23,462
943,SELL,576,80,2023-03-09,727
944,BUY,244,69,2023-04-01,383
945,BUY,931,50,2023-03-24,633
946,BUY,591,49,2023-01-27,961
947,SELL,395,96,2023-01-02,903
948,SELL,244,52,2023-03-12,219
949,BUY,468,12,2023-04-02,229
950,BUY,747,24,2023-02-06,670
951,BUY,763,96,2023-03-04,534
952,BUY,888,11,2023-02-15,137
953,SELL,670,47,2023-02-28,319
954,BUY,261,86,2023-02-15,264
955,SELL,644,24,2023-01-17,508
956,SELL,330,94,2023-01-17,959
957,BUY,142,19,2023-02-22,690
958,SELL,746,42,2023-01-04,568
959,BUY,585,83,2023-03-02,119
960,SELL,967,95,2023-02-17,235
961,BUY,588,30,2023-03-09,177
962,BUY,999,91,2023-03-29,870
963,SELL,874,83,2023-03-18,227
964,SELL,965,53,2023-01-02,630
965,SELL,606,71,2023-01-04,540
966,SELL,182,73,2023-02-28,371
967,BUY,434,12,2023-01-01,235
968,SELL,709,28,2023-01-18,562
969,BUY,648,90,2023-02-02,206
970,BUY,141,56,2023-02-21,706
971,BUY,355,71,2023-03-25,252
972,SELL,853,63,2023-02-08,271
973,SELL,149,84,2023-01-02,977
974,BUY,685,69,2023-02-12,590
975,BUY,556,73,2023-01-21,449
976,SELL,988,73,2023-04-01,394
977,BUY,536,60,2023-03-28,338
978,BUY,581,72,2023-02-03,393
979,BUY,369,25,2023-03-06,900
980,SELL,887,43,2023-01-17,521
981,SELL,121,55,2023-03-15,764
982,SELL,916,58,2023-04-05,836
983,SELL,718,91,2023-02-04,635
984,SELL,607,59,2023-02-28,680
985,BUY,747,89,2023-01-19,413
986,BUY,856,15,2023-02-17,890
987,BUY,911,73,2023-02-19,866
988,BUY,696,94,2023-03-10,647
989,BUY,142,35,2023-02-06,436
990,BUY,425,68,2023-03-06,351
991,BUY,381,85,2023-03-28,629
992,BUY,486,65,2023-01-30,163
993,SELL,254,82,2023-01-11,744
994,BUY,181,21,2023-03-28,803
995,BUY,680,78,2023-03-30,863
996,SELL,838,46,2023-02-17,602
997,SELL,650,53,2023-01-13,858
998,BUY,874,71,2023-02-19,291
999,SELL,549,94,2023-03-10,290
1000,SELL,523,90,2023-01-06,330